<?xml version="1.0" encoding="UTF-8"?>
<project xmlns="http://maven.apache.org/POM/4.0.0" xmlns:xsi="http://www.w3.org/2001/XMLSchema-instance" xsi:schemaLocation="http://maven.apache.org/POM/4.0.0 http://maven.apache.org/maven-v4_0_0.xsd">
  <modelVersion>4.0.0</modelVersion>
  <groupId>edu.fau.eng.cop4331.ttt3d</groupId>
  <artifactId>TTT3D</artifactId>
  <version>1.0-SNAPSHOT</version>
  <build>
    <finalName>TicTacToe3D</finalName>
    <plugins>
      <plugin>
        <artifactId>maven-jar-plugin</artifactId>
        <version>3.3.0</version>
        <configuration>
          <archive>
            <manifest>
              <mainClass>edu.fau.eng.cop4331.ttt3d.Main</mainClass>
            </manifest>
          </archive>
        </configuration>
      </plugin>
      <plugin>
        <artifactId>maven-shade-plugin</artifactId>
        <version>3.5.0</version>
        <executions>
          <execution>
            <phase>package</phase>
            <goals>
              <goal>shade</goal>
            </goals>
            <configuration>
              <artifactSet>
                <includes>
                  <include>org.json:json</include>
                </includes>
              </artifactSet>
            </configuration>
          </execution>
        </executions>
      </plugin>
    </plugins>
  </build>
  <dependencies>
    <dependency>
      <groupId>org.junit.jupiter</groupId>
      <artifactId>junit-jupiter</artifactId>
      <version>RELEASE</version>
      <scope>test</scope>
      <exclusions>
        <exclusion>
          <artifactId>junit-jupiter-api</artifactId>
          <groupId>org.junit.jupiter</groupId>
        </exclusion>
        <exclusion>
          <artifactId>junit-jupiter-params</artifactId>
          <groupId>org.junit.jupiter</groupId>
        </exclusion>
        <exclusion>
          <artifactId>junit-jupiter-engine</artifactId>
          <groupId>org.junit.jupiter</groupId>
        </exclusion>
      </exclusions>
    </dependency>
    <dependency>
      <groupId>junit</groupId>
      <artifactId>junit</artifactId>
      <version>RELEASE</version>
      <scope>test</scope>
      <exclusions>
        <exclusion>
          <artifactId>hamcrest-core</artifactId>
          <groupId>org.hamcrest</groupId>
        </exclusion>
      </exclusions>
    </dependency>
    <dependency>
      <groupId>org.testng</groupId>
      <artifactId>testng</artifactId>
      <version>RELEASE</version>
      <scope>test</scope>
      <exclusions>
        <exclusion>
          <artifactId>slf4j-api</artifactId>
          <groupId>org.slf4j</groupId>
        </exclusion>
        <exclusion>
          <artifactId>jcommander</artifactId>
          <groupId>com.beust</groupId>
        </exclusion>
        <exclusion>
          <artifactId>jquery</artifactId>
          <groupId>org.webjars</groupId>
        </exclusion>
      </exclusions>
    </dependency>
  </dependencies>
  <properties>
    <maven.compiler.target>20</maven.compiler.target>
    <maven.compiler.source>20</maven.compiler.source>
    <project.build.sourceEncoding>UTF-8</project.build.sourceEncoding>
  </properties>
</project>
